col,level,n,frauds,rate,lift,ci_lo,ci_hi,p,q_bh
ConnectionOrg,comcast cable communications ip services,892,42,0.04708520179372197,1.6485404792537248,0.035021041600056285,0.06303379309393425,0.002352665304901507,0.31525715085680195
V6CF,org,1315,52,0.03954372623574144,1.3844993950697948,0.03028169795451932,0.05148824318170203,0.020269690750703607,0.9115030658071264
Region,northeast,23185,717,0.030925167133922796,1.082747612961407,0.028773337235991306,0.033232416427874334,0.03164235126850386,0.9115030658071264
State,new york,21448,665,0.03100522193211488,1.0855504803242,0.02876814926920028,0.03341026994866305,0.033013800534819504,0.9115030658071264
ConnectionOrg,wide open west,310,3,0.00967741935483871,0.33882444873141077,0.0032964887798659585,0.02806200544142274,0.03995595880671242,0.9115030658071264
ConnectionType,consumer satellite,287,14,0.04878048780487805,1.7078955952315014,0.02927653204861261,0.08020436752008735,0.049069458376486484,0.9115030658071264
ConnectionOrg,jpmorgan chase & co.,1244,47,0.03778135048231511,1.3227953424481924,0.02852988350041399,0.04987878631793474,0.06027406505031105,0.9115030658071264
Region,mountain,2910,100,0.03436426116838488,1.203156690798824,0.028335435759562645,0.041620872091900546,0.0659588245583098,0.9115030658071264
ConnectionOrg,mci communications services inc. d/b/a verizon business,6404,160,0.024984384759525295,0.8747497739474271,0.021437011234647786,0.029101316679075923,0.0912272333847447,0.9115030658071264
ConnectionOrg,comcast cable communications inc,472,20,0.0423728813559322,1.4835533772138039,0.027594684412148948,0.064540177272916,0.0944122101013241,0.9115030658071264
webSessOS,Windows Phone,262,12,0.04580152671755725,1.6035966275837759,0.026391384519231027,0.07833865020821569,0.09460582638254195,0.9115030658071264
Country,ca,281,13,0.046263345195729534,1.6197657513494486,0.02723272513837907,0.0775328708981549,0.10188462049513586,0.9115030658071264
State,connecticut,808,31,0.038366336633663366,1.3432767955069542,0.0271584455496485,0.05394308952813022,0.11142021587939427,0.9115030658071264
Country,mx,465,19,0.04086021505376344,1.4305921168659566,0.026311822559321865,0.062932817848014,0.12300395086967415,0.9115030658071264
webSessOS,Windows XP,560,22,0.039285714285714285,1.3754659168739412,0.026084498189899687,0.05876486375856242,0.12720258620682634,0.9115030658071264
State,michigan,3526,86,0.024390243902439025,0.8539477976157507,0.01979269506110021,0.030023024715107312,0.14260188686627537,0.9115030658071264
webSessOS,Windows 8.1,5551,140,0.025220680958385876,0.8830229433101078,0.02141260970560535,0.02968544500760195,0.1466897634751392,0.9115030658071264
State,maryland,528,9,0.017045454545454544,0.5967930631064621,0.00899298091609295,0.03207488590741239,0.14788571086397365,0.9115030658071264
ConnectionOrg,scansafe services llc,446,18,0.04035874439461883,1.4130346965031926,0.0256787293971231,0.06288933545059218,0.1518654681030076,0.9115030658071264
State,nevada,927,19,0.020496224379719527,0.7176109324084895,0.013160067364203734,0.031790222781831856,0.16616400332837483,0.9115030658071264
ConnectionOrg,sprint chicago pop,802,16,0.0199501246882793,0.6984909666283446,0.012316625992545273,0.032160601293809765,0.16698804124609504,0.9115030658071264
State,colorado,2187,73,0.03337905807041609,1.1686628981545228,0.026631202500310203,0.041763335927296794,0.17725517886040584,0.9115030658071264
ConnectionOrg,cox communications inc.,2018,47,0.023290386521308225,0.8154397452951196,0.017559694672408938,0.030832622510104272,0.18065921388827552,0.9115030658071264
ConnectionOrg,xo communications,328,5,0.01524390243902439,0.5337173735098442,0.006528305553588654,0.03518316160423605,0.18271267832157573,0.9115030658071264
ConnectionOrg,sprint nyc pop,517,20,0.03868471953578337,1.3544239730075736,0.025179622556446395,0.058994913425318506,0.18380677121588146,0.9115030658071264
Country,other,2275,54,0.023736263736263738,0.8310507357895701,0.018237652391024678,0.030840616146814902,0.18578910071393634,0.9115030658071264
ConnectionOrg,other,39031,1158,0.029668724859726884,1.0387572323332892,0.028031162096596,0.031398862591912026,0.19128916250216865,0.9115030658071264
webSessWebBrowser,Chrome Mobile,11517,306,0.026569419119562385,0.9302447745842847,0.023786357663377913,0.02966820940575009,0.20806784924817562,0.9115030658071264
webSessOS,Android,12190,371,0.030434782608695653,1.0655783387640019,0.027530115825921173,0.03363531705947895,0.2110765539537163,0.9115030658071264
ConnectionOrg,charter communications,2553,62,0.02428515471993733,0.8502684299017775,0.018990523311754468,0.031009288956631655,0.21188652155699492,0.9115030658071264
State,utah,586,22,0.03754266211604096,1.3144384188556435,0.0249211550665677,0.05618807832761814,0.21227399263515717,0.9115030658071264
webSessWebBrowser,IE,14237,431,0.030273231720165765,1.0599221417200202,0.02758297539193115,0.033216914412334354,0.2176723739240899,0.9115030658071264
ConnectionOrg,cellco partnership dba verizon wireless,3523,112,0.031791087141640646,1.113065082784992,0.02648837581467617,0.03811378834262537,0.2446395671492509,0.9219119490095745
ConnectionOrg,qwest communications company llc,1744,58,0.033256880733944956,1.1643852423912013,0.025814144783587872,0.04275133620736693,0.24923777819288356,0.9219119490095745
ConnectionType,dialup,250,10,0.04,1.400474388089831,0.02186967487695694,0.07205346459269657,0.25304769873579497,0.9219119490095745
ConnectionOrg,comcast cable communications,2004,48,0.023952095808383235,0.8386074180178629,0.01811314440604654,0.03161269054029584,0.2535493362398799,0.9219119490095745
Region,southwest,31164,856,0.02746759080990887,0.9616914357952248,0.025710364756136857,0.029341301060850606,0.2545577769653303,0.9219119490095745
ConnectionOrg,comcast business communications llc,495,18,0.03636363636363636,1.273158534627119,0.023123318202289574,0.056744920533212825,0.27942147741676815,0.9347273374503756
webSessWebBrowser,Safari,13080,394,0.030122324159021406,1.0546385873612258,0.02732822957269751,0.03319234414014842,0.2818266938518611,0.9347273374503756
Region,midwest,3142,79,0.02514322087842139,0.8803109218578664,0.020221432792355526,0.031224768440408383,0.283677790175932,0.9347273374503756
ConnectionOrg,optimum online (cablevision systems),5151,134,0.026014366142496602,0.9108113376239436,0.022007850909445226,0.030727348558177593,0.2955039879737187,0.9347273374503756
ConnectionOrg,at&t internet services,12227,368,0.030097325590905374,1.0537633410015903,0.02721332259419963,0.033276513199275125,0.3022805484490336,0.9347273374503756
ConnectionType,unknown,4947,153,0.030927835051546393,1.0828410217189415,0.026455626791781543,0.03612799535440062,0.30582534092199337,0.9347273374503756
webSessWebBrowser,Chrome,64624,1802,0.027884377321119088,0.9762839066515054,0.026642768026072038,0.029182113490627097,0.3098536203528368,0.9347273374503756
webSessWebBrowser,other,232,9,0.03879310344827586,1.3582186953457414,0.020540909815985397,0.07207040218325478,0.32129652604402037,0.9347273374503756
webSessWebBrowser,Android,232,9,0.03879310344827586,1.3582186953457414,0.020540909815985397,0.07207040218325478,0.32129652604402037,0.9347273374503756
ConnectionOrg,time warner cable internet llc,15676,427,0.027239091605001275,0.9536912536909253,0.02480437477181402,0.029905463623492216,0.3374757713551129,0.9347273374503756
ConnectionOrg,tw telecom holdings inc.,512,18,0.03515625,1.230885692657078,0.022351622249542902,0.05488449054167052,0.3515857817825635,0.9347273374503756
State,california,26098,720,0.02758832094413365,0.965918422316536,0.025669585851513115,0.029646112639278428,0.35287188026600336,0.9347273374503756
ConnectionOrg,frontier communications of america inc.,522,11,0.0210727969348659,0.7377978098174397,0.011806558591679863,0.037336757570449575,0.3580605099773401,0.9347273374503756
ConnectionType,dsl,21637,595,0.027499191200258816,0.9627978242286933,0.025402620888205323,0.029763514609963106,0.35844372000212477,0.9347273374503756
Country,cn,274,10,0.0364963503649635,1.2778050986221086,0.01994257199004259,0.06586747229418266,0.36655276324424324,0.9347273374503756
State,massachusetts,725,16,0.022068965517241378,0.772675524463355,0.013629021748084275,0.03554709553171973,0.3707175052295529,0.9347273374503756
V6CF,com,39662,1103,0.027809994453128938,0.9736796241131837,0.02623691096959216,0.029474540265568318,0.38197385008900364,0.9347273374503756
V6CF,net,74018,2152,0.029074009024831798,1.0179351249592383,0.02788782274953423,0.030309075718336364,0.4017239751790814,0.9347273374503756
ConnectionOrg,comcast cable communications holdings inc,2578,66,0.02560124127230411,0.8963470676292556,0.020173934035984997,0.032440292956096926,0.4074981886736747,0.9347273374503756
State,oklahoma,339,12,0.035398230088495575,1.239357865566222,0.0203630098125547,0.060845338299226386,0.4133055605971923,0.9347273374503756
State,indiana,2648,68,0.0256797583081571,0.8990960950727768,0.02030735415241535,0.03242641395801779,0.41378323409910067,0.9347273374503756
State,illinois,21081,621,0.02945780560694464,1.0313725570463748,0.027259598187748688,0.03182747600682339,0.4320532052347469,0.9347273374503756
Country,gb,392,8,0.02040816326530612,0.7145277490254239,0.01037649160620936,0.039748608939059245,0.44580734566461927,0.9347273374503756
Region,mid atlantic,7802,211,0.027044347603178674,0.9468729040212586,0.023671011613762498,0.03088320839500632,0.4545156592079416,0.9347273374503756
webSessOS,iOS,17582,485,0.027585030144465932,0.9658032053002618,0.025265351584058536,0.03011110534934179,0.45497994033950606,0.9347273374503756
ConnectionOrg,at&t mobility llc,3682,97,0.026344378055404672,0.9223656684187508,0.021644013616836905,0.032032085757590915,0.45782731989633474,0.9347273374503756
State,kentucky,596,20,0.03355704697986577,1.1748946208807307,0.021826186094707357,0.05126244263661104,0.4587417445133471,0.9347273374503756
V6CF,other,2438,63,0.025840853158326498,0.904736325365662,0.020249645212373643,0.032923992258623656,0.46537598618910725,0.9347273374503756
ConnectionSpeed,unknown,5004,151,0.03017585931254996,1.0565129526457058,0.02578445030812813,0.03528808840795267,0.49693327706095314,0.9347273374503756
channel,SOA,71956,2085,0.02897604091389182,1.0145050792037138,0.02777533801833952,0.030227035349864213,0.5019515796085073,0.9347273374503756
ConnectionOrg,cantv servicios venezuela,520,17,0.032692307692307694,1.1446184902657273,0.02050983334720595,0.051728797567177326,0.5110584856242715,0.9347273374503756
Region,unknown,4782,144,0.030112923462986198,1.0543094515105378,0.02563355426345196,0.03534665034674658,0.514775889653054,0.9347273374503756
ConnectionOrg,t-mobile usa inc.,6233,169,0.02711374939836355,0.9493027899373554,0.023363637853134438,0.03144641215679366,0.5180370944495896,0.9347273374503756
channel,KOL,40620,1138,0.028015755785327424,0.9808837110082642,0.02645505919085388,0.02966571890906861,0.5218770619213866,0.9347273374503756
V6CF,edu,2803,74,0.026400285408490903,0.9243230888213299,0.021081978811173303,0.03301498198632948,0.5327669521009593,0.9347273374503756
webSessWebBrowser,Chrome Mobile iOS,594,14,0.02356902356902357,0.8251953465175772,0.014090436364161293,0.03917049429037997,0.5386058997024714,0.9347273374503756
State,oregon,1197,30,0.02506265664160401,0.8774902181013978,0.017611143271213624,0.035552904343392665,0.5430102421947764,0.9347273374503756
webSessWebBrowser,Mobile Safari,16886,495,0.029314224801610802,1.0263455260340908,0.026875003210837436,0.03196756165963476,0.548106874407427,0.9347273374503756
State,minnesota,401,9,0.022443890274314215,0.7858023374568878,0.011851708457237547,0.042099268912677,0.5499220635268778,0.9347273374503756
webSessWebBrowser,Opera,252,5,0.01984126984126984,0.69467975599694,0.008503930426446045,0.045598295325738114,0.5677851648791941,0.9347273374503756
State,florida,8239,226,0.027430513411821823,0.9603932871352767,0.0241177821495255,0.031183729406877574,0.5738684824036385,0.9347273374503756
V6CF,com.mx,263,9,0.034220532319391636,1.1981244765027073,0.018105895346679998,0.06374640954131347,0.5748501750578427,0.9347273374503756
webSessOS,Windows Vista,724,23,0.031767955801104975,1.112255211535432,0.02126031467833158,0.0472183213325807,0.5761451703762908,0.9347273374503756
State,none,268,9,0.033582089552238806,1.1757714079112387,0.01776620604120164,0.06258058414837936,0.5796272473171176,0.9347273374503756
ConnectionType,fixed wireless,736,18,0.024456521739130436,0.8562683079353587,0.015524842044322631,0.0383266850933782,0.580215340178938,0.9347273374503756
State,distrito capital,755,24,0.031788079470198675,1.1129597786144352,0.02145292996307302,0.04686383074166431,0.5837128154188167,0.9347273374503756
ConnectionOrg,psinet inc.,1513,39,0.025776602775941838,0.9024867999917946,0.018912752623543548,0.03504251864538789,0.5885904720708683,0.9347273374503756
webSessOS,Windows 8,503,16,0.03180914512922465,1.1136973265127879,0.019672740445670085,0.051042844068308245,0.5929240573379249,0.9347273374503756
ConnectionOrg,embarq corporation,328,7,0.021341463414634148,0.7472043229137818,0.010375299488052662,0.04339011147910757,0.6162024011630092,0.9513619798809388
ConnectionType,tx,23384,680,0.029079712624016422,1.0181348185736883,0.027002160792063513,0.031311967690831645,0.6236259653920013,0.9513619798809388
State,tennessee,345,11,0.03188405797101449,1.1163201644194305,0.017894933277228173,0.056183387656972325,0.6281941945791814,0.9513619798809388
State,missouri,356,8,0.02247191011235955,0.7867833640954106,0.011429764348949108,0.043710052726119476,0.6318747478313698,0.9513619798809388
webSessWebBrowser,Firefox,10944,320,0.029239766081871343,1.023738587784964,0.026244652017485645,0.03256525988332227,0.6668369161260683,0.9760253024528501
ConnectionSpeed,high,26061,733,0.02812631902075899,0.9847547354954205,0.026187465724746395,0.030204267728182015,0.6961574332849461,0.9760253024528501
V6CF,unknown,17335,486,0.028035765791750794,0.9815842985458002,0.02568098452458339,0.030599684190909106,0.6983181149716172,0.9760253024528501
V6CF,gov,549,17,0.030965391621129327,1.084155947064077,0.019421495341335183,0.0490277675216621,0.6998338612980843,0.9760253024528501
webSessOS,Windows 7,35012,1012,0.02890437564263681,1.01199594478101,0.027200462573342046,0.030711656837204986,0.7002082457212806,0.9760253024528501
State,louisiana,1526,46,0.03014416775884666,1.0554033724136997,0.0226750038130555,0.039973050730630594,0.7003904233402787,0.9760253024528501
ConnectionOrg,cox communications,3253,96,0.02951122041192745,1.0332427087044558,0.024227469218233953,0.0359048995159409,0.7126696973735973,0.9760253024528501
State,texas,13293,372,0.02798465357707064,0.9797947648563476,0.02531435229404953,0.030927695441557105,0.7154659733438018,0.9760253024528501
State,greater london,303,7,0.0231023102310231,0.8088548446063379,0.01123472098327646,0.04691124097233841,0.7293590447109699,0.9760253024528501
Region,london,303,7,0.0231023102310231,0.8088548446063379,0.01123472098327646,0.04691124097233841,0.7293590447109699,0.9760253024528501
ConnectionSpeed,low,14860,431,0.029004037685060564,1.0154852982279898,0.026425106676277507,0.03182642905052948,0.7303163013289476,0.9760253024528501
webSessOS,Mac OS X,28541,805,0.02820503836585964,0.9875108461619372,0.026346857330175312,0.030190208897580527,0.7356608622965513,0.9760253024528501
Country,ve,829,25,0.030156815440289506,1.0558461912619352,0.020508597570845354,0.044139469960843745,0.7539514685608808,0.9860306783338115
State,new jersey,4659,129,0.027688345138441726,0.9694204553744806,0.02335184483348943,0.03280309725161164,0.7582096124761933,0.9860306783338115
webSessOS,Linux,414,10,0.024154589371980676,0.8456970942571443,0.013172040360164651,0.04388690255025882,0.766707001107374,0.9860306783338115
webSessOS,Chrome OS,1029,27,0.026239067055393587,0.9186785344612595,0.01809467632759124,0.03790771552029715,0.7783884855079175,0.9860306783338115
channel,K45,25987,734,0.028244891676607535,0.9889061846865125,0.026299251852314375,0.030329987887271433,0.779994417189433,0.9860306783338115
ConnectionOrg,frontier communications corporation,1999,59,0.029514757378689346,1.0333665444884947,0.02295025553321078,0.03788411099882051,0.7880383596081669,0.9868891606307886
webSessWebBrowser,Edge,5813,169,0.029072767933941167,1.0178916720590978,0.02505492857799476,0.0337126335299368,0.8131800755070551,1.0
ConnectionType,ocx,2885,84,0.029116117850953208,1.0194094332716275,0.023579221427401657,0.03590538305904717,0.8231640681551582,1.0
Region,south central,15596,440,0.028212362144139524,0.9877672652595628,0.025727575554454662,0.030929512553414338,0.828706550729982,1.0
State,virginia,934,25,0.02676659528907923,0.9371482789680347,0.01819484569533402,0.03921527558740712,0.8440896313703585,1.0
Region,pacific northwest,4267,119,0.027888446215139442,0.9764263661980893,0.02335667237549685,0.03326954387190507,0.8540799706040754,1.0
Region,southeast,14858,420,0.028267599946156952,0.9897012434340574,0.02572211432070523,0.031056959411314623,0.8631162798660796,1.0
ConnectionOrg,rcn,1261,37,0.029341792228390166,1.0273107129128418,0.021361395059630917,0.04018117280024972,0.8654784655545296,1.0
State,ohio,4035,113,0.028004956629491946,0.9805056124792497,0.02334578257372396,0.03356201990112427,0.8872181270207586,1.0
State,georgia,4658,131,0.028123658222413053,0.9846615759970366,0.023750703919889676,0.03327431383275124,0.8950441207968511,1.0
ConnectionType,mobile wireless,14509,411,0.028327245158177684,0.991789533229238,0.025749969315728625,0.031154227860929046,0.9008223984627778,1.0
State,north carolina,596,16,0.026845637583892617,0.9399156967045845,0.01659071030907676,0.043161064159382916,0.9023140307617084,1.0
ConnectionOrg,suddenlink communications,620,18,0.02903225806451613,1.0164733461942321,0.018441701764172643,0.04542322805134462,0.9037997244842417,1.0
ConnectionOrg,zscaler inc.,718,21,0.02924791086350975,1.0240237517369934,0.019208119190858602,0.04429833430253939,0.9104861148727417,1.0
State,washington,2894,81,0.027988942639944715,0.9799449329239488,0.0225766874573997,0.03465266558936449,0.9111178757384034,1.0
ConnectionType,cable,70047,1996,0.02849515325424358,0.9976683079315684,0.027288606971619854,0.029753414347935568,0.9277038196490539,1.0
ConnectionSpeed,medium,92827,2648,0.028526183114826506,0.998754721056878,0.02747462026423917,0.029616767777211048,0.960710458223319,1.0
State,arizona,4139,117,0.028267697511476203,0.9897046593773269,0.02363929846405519,0.033770958302701236,0.9627733791270959,1.0
ConnectionOrg,comcast cable communications llc,4430,127,0.028668171557562076,1.0037260004932762,0.02414769620289246,0.03400539614032522,0.9640077632107797,1.0
ConnectionOrg,comcast cable communications inc.,6691,190,0.02839635331041698,0.9942091381597217,0.024678886102752314,0.03265504693608164,0.970726188956056,1.0
ConnectionOrg,comcast ip services l.l.c.,7499,213,0.028403787171622882,0.9944694114653087,0.024878489704313264,0.032412017401687754,0.9723442616911415,1.0
Region,great lakes,29942,854,0.028521808830405452,0.9986015692244303,0.026695968604839655,0.030468616143381286,0.9861590612564125,1.0
State,wisconsin,899,25,0.027808676307007785,0.9736334733661227,0.018905820488296657,0.040729889696081205,1.0,1.0
State,pennsylvania,847,24,0.02833530106257379,0.9920715854237292,0.019113875958649176,0.04181591402811217,1.0,1.0
State,district of columbia,624,17,0.027243589743589744,0.9538487418881061,0.017077832833880445,0.043194694504225216,1.0,1.0
webSessOS,Windows 10,36042,1029,0.02855002497086732,0.9995894687756202,0.02688027433854794,0.030320265542867948,1.0,1.0
ConnectionOrg,level 3 communications inc.,556,15,0.02697841726618705,0.944564560312386,0.01641609691072799,0.04403242995830068,1.0,1.0
Country,us,132862,3794,0.028555945266517137,0.9997967493363074,0.027673888079243127,0.029465264531972485,1.0,1.0
